"Data Source","World Development Indicators",

"Last Updated Date","2022-04-08",

"Country Name","Country Code","Indicator Name","Indicator Code","1960","1961","1962","1963","1964","1965","1966","1967","1968","1969","1970","1971","1972","1973","1974","1975","1976","1977","1978","1979","1980","1981","1982","1983","1984","1985","1986","1987","1988","1989","1990","1991","1992","1993","1994","1995","1996","1997","1998","1999","2000","2001","2002","2003","2004","2005","2006","2007","2008","2009","2010","2011","2012","2013","2014","2015","2016","2017","2018","2019","2020",
"Aruba","ABW","Container port traffic (TEU: 20 foot equivalent units)","IS.SHP.GOOD.TU","","","","","","","","","","","","","","","","","","","","","","","","","","","","","","","","","","","","","","","","","","","","","","","","135000","140000","125000","49558","169719","167948","191838","29628","30000","62645","46322.5","54483.75","50403.13","",
"Africa Eastern and Southern","AFE","Container port traffic (TEU: 20 foot equivalent units)","IS.SHP.GOOD.TU","","","","","","","","","","","","","","","","","","","","","","","","","","","","","","","","","","","","","","","","","","","","","","","","","","","","","","","","","","","","","",
"Afghanistan","AFG","Container port traffic (TEU: 20 foot equivalent units)","IS.SHP.GOOD.TU","","","","","","","","","","","","","","","","","","","","","","","","","","","","","","","","","","","","","","","","","","","","","","","","","","","","","","","","","","","","","",
"Africa Western and Central","AFW","Container port traffic (TEU: 20 foot equivalent units)","IS.SHP.GOOD.TU","","","","","","","","","","","","","","","","","","","","","","","","","","","","","","","","","","","","","","","","","","","","","","","","","2853817.1736","2657321.41967184","4651430.17","5425132.18","5800116.91","5655198.11","5872649.31","5941709.87","6070621.06","7226455.26","7551124.11","7839716.53637707","",
"Angola","AGO","Container port traffic (TEU: 20 foot equivalent units)","IS.SHP.GOOD.TU","","","","","","","","","","","","","","","","","","","","","","","","","","","","","","","","","","","","","","","","","","","","","","","","","","","583300","631250","830000","913000","1000000","956500","978250","570200","774225","672212.5","",
"Albania","ALB","Container port traffic (TEU: 20 foot equivalent units)","IS.SHP.GOOD.TU","","","","","","","","","","","","","","","","","","","","","","","","","","","","","","","","","","","","","","","","","","","","","","","","33127","46798","68780","26626.84","36566.72","36005.96","36491.7","32003.45","39699.53","30279.78","53273.59","13648","18479.35","",
"Andorra","AND","Container port traffic (TEU: 20 foot equivalent units)","IS.SHP.GOOD.TU","","","","","","","","","","","","","","","","","","","","","","","","","","","","","","","","","","","","","","","","","","","","","","","","","","","","","","","","","","","","","",
"Arab World","ARB","Container port traffic (TEU: 20 foot equivalent units)","IS.SHP.GOOD.TU","","","","","","","","","","","","","","","","","","","","","","","","","","","","","","","","","","","","","","","","","","","","","","","","30991333","35945775.9208","36475109.3235755","40732371.32","42661021.27","46554509.64","47977278.49","50304353.81","52026278.39","51589164.04","51679350.8","52755794.45","54638716.7928797","53974851.3",
"United Arab Emirates","ARE","Container port traffic (TEU: 20 foot equivalent units)","IS.SHP.GOOD.TU","","","","","","","","","","","","","","","","","","","","","","","","","","","","","","","","","","","","","","","","","5055801","5081964","5872240","6955202","8661636","9851709","10967048","13182412","14756127","14425039","15177436","16866912","18120112","18693112","20223612","21233200","20413200","19128300","19054000","19171000","19297684",
"Argentina","ARG","Container port traffic (TEU: 20 foot equivalent units)","IS.SHP.GOOD.TU","","","","","","","","","","","","","","","","","","","","","","","","","","","","","","","","","","","","","","","","","1144834","663811","554800","1025055","1251895","1490372","1757990","1874259","1997146","1626835.3556","1992900","2168077","1945310","2129277","1703267","1700265","1654692","1765973","2172990","1771628","1990008",
"Armenia","ARM","Container port traffic (TEU: 20 foot equivalent units)","IS.SHP.GOOD.TU","","","","","","","","","","","","","","","","","","","","","","","","","","","","","","","","","","","","","","","","","","","","","","","","","","","","","","","","","","","","","",
"American Samoa","ASM","Container port traffic (TEU: 20 foot equivalent units)","IS.SHP.GOOD.TU","","","","","","","","","","","","","","","","","","","","","","","","","","","","","","","","","","","","","","","","","","","","","","","","","","","59167.67","66334.73","59461.01","56599.88","57025","70288.38","65969.06","92270.7","90245.84","76214.74","",
"Antigua and Barbuda","ATG","Container port traffic (TEU: 20 foot equivalent units)","IS.SHP.GOOD.TU","","","","","","","","","","","","","","","","","","","","","","","","","","","","","","","","","","","","","","","","","","","","","","","","34081","32562","29150","26366","21824","24449","24842","26475","26500","31165","26487.5","28826.25","27656.88","",
"Australia","AUS","Container port traffic (TEU: 20 foot equivalent units)","IS.SHP.GOOD.TU","","","","","","","","","","","","","","","","","","","","","","","","","","","","","","","","","","","","","","","","","3542802","3774845","4355020","4758428","5057346","5191013","5741962","6290090","6102342.1952","6200325.48531488","6371630","5946383","7173783","7249915","7401051","7621017","7629490","7995040","8569337","8798571","8656995",
"Austria","AUT","Container port traffic (TEU: 20 foot equivalent units)","IS.SHP.GOOD.TU","","","","","","","","","","","","","","","","","","","","","","","","","","","","","","","","","","","","","","","","","","","","","","","","365918","379740.7072","330995.87292768","285900","285900","285900","285900","285900","285900","285900","285900","","","",
"Azerbaijan","AZE","Container port traffic (TEU: 20 foot equivalent units)","IS.SHP.GOOD.TU","","","","","","","","","","","","","","","","","","","","","","","","","","","","","","","","","","","","","","","","","","","","","","","","","","","","","","","","","","","","","",
"Burundi","BDI","Container port traffic (TEU: 20 foot equivalent units)","IS.SHP.GOOD.TU","","","","","","","","","","","","","","","","","","","","","","","","","","","","","","","","","","","","","","","","","","","","","","","","","","","","","","","","","","","","","",
"Belgium","BEL","Container port traffic (TEU: 20 foot equivalent units)","IS.SHP.GOOD.TU","","","","","","","","","","","","","","","","","","","","","","","","","","","","","","","","","","","","","","","","","5057579","5109693","5825610","6482443","7279638","7889994","8708293","10257511","10937134","9701494","11055745","10940000","10671192","10674200","11061400","11237600","11459909","11967553","12686187","13831469","14066604",
"Benin","BEN","Container port traffic (TEU: 20 foot equivalent units)","IS.SHP.GOOD.TU","","","","","","","","","","","","","","","","","","","","","","","","","","","","","","","","","","","","","","","","","","","","","","","","","300000","272820","316700","334800","348200","341500","344850","288000","310500","333000","321750","510895.6","",
"Burkina Faso","BFA","Container port traffic (TEU: 20 foot equivalent units)","IS.SHP.GOOD.TU","","","","","","","","","","","","","","","","","","","","","","","","","","","","","","","","","","","","","","","","","","","","","","","","","","","","","","","","","","","","","",
"Bangladesh","BGD","Container port traffic (TEU: 20 foot equivalent units)","IS.SHP.GOOD.TU","","","","","","","","","","","","","","","","","","","","","","","","","","","","","","","","","","","","","","","","","456007","486289","584220","625160","714420","808924","901528","978007","1091200","1182121","1349627","1417251","1426651","1489351","1642951","2044651","2366651","2587000","2732900","2890407","2587251",
"Bulgaria","BGR","Container port traffic (TEU: 20 foot equivalent units)","IS.SHP.GOOD.TU","","","","","","","","","","","","","","","","","","","","","","","","","","","","","","","","","","","","","","","","","","","","","","","","130694","203253","136444","166927","58325","92000","180935","195800","201000","201000","228500","241800","261900","252310",
"Bahrain","BHR","Container port traffic (TEU: 20 foot equivalent units)","IS.SHP.GOOD.TU","","","","","","","","","","","","","","","","","","","","","","","","","","","","","","","","","","","","","","","","","","","","","","","","238624","269331","279799","269331","374858","525300","429831","432892","424602","379819","402625","432432","418973","454000",
"Bahamas, The","BHS","Container port traffic (TEU: 20 foot equivalent units)","IS.SHP.GOOD.TU","","","","","","","","","","","","","","","","","","","","","","","","","","","","","","","","","","","","","","","","","","570000","","1057879","1184800","1211500","1463000","1632000","1702000","1297000","1125000","1189125","1278309","1379296","1400000","1468380","1261778","920652","1182836","1555803","1400223",
"Bosnia and Herzegovina","BIH","Container port traffic (TEU: 20 foot equivalent units)","IS.SHP.GOOD.TU","","","","","","","","","","","","","","","","","","","","","","","","","","","","","","","","","","","","","","","","","","","","","","","","","","","","","","","","","","","","","",
"Belarus","BLR","Container port traffic (TEU: 20 foot equivalent units)","IS.SHP.GOOD.TU","","","","","","","","","","","","","","","","","","","","","","","","","","","","","","","","","","","","","","","","","","","","","","","","","","","","","","","","","","","","","",
"Belize","BLZ","Container port traffic (TEU: 20 foot equivalent units)","IS.SHP.GOOD.TU","","","","","","","","","","","","","","","","","","","","","","","","","","","","","","","","","","","","","","","","","","","","","","","","39191","38211","31344","31917","34776","36978","40978","43593","43000","46040","44000","45020","44510","",
"Bermuda","BMU","Container port traffic (TEU: 20 foot equivalent units)","IS.SHP.GOOD.TU","","","","","","","","","","","","","","","","","","","","","","","","","","","","","","","","","","","","","","","","","","","","","","","","","","","4485.461","4485.461","4485.461","4485.461","4437.324","4437.324","4437.324","4437.324","4437.324","4006","",
"Bolivia","BOL","Container port traffic (TEU: 20 foot equivalent units)","IS.SHP.GOOD.TU","","","","","","","","","","","","","","","","","","","","","","","","","","","","","","","","","","","","","","","","","","","","","","","","","","","","","","","","","","","","","",
"Brazil","BRA","Container port traffic (TEU: 20 foot equivalent units)","IS.SHP.GOOD.TU","","","","","","","","","","","","","","","","","","","","","","","","","","","","","","","","","","","","","","","","","2413098","2323801","3570260","4230474","5056814","5652149","6294286","6464724","7256291.688","6590363.8866672","8951005","9149494","9384373","10442411","11144167","10969082","10151085","10505739","10477015","10868837","10376571",
"Barbados","BRB","Container port traffic (TEU: 20 foot equivalent units)","IS.SHP.GOOD.TU","","","","","","","","","","","","","","","","","","","","","","","","","","","","","","","","","","","","","","","","","","","","","","","","99626","87255","75015","80430","77051","72163","74923","78432","86508","105326","107098","100952","98435","101388",
"Brunei Darussalam","BRN","Container port traffic (TEU: 20 foot equivalent units)","IS.SHP.GOOD.TU","","","","","","","","","","","","","","","","","","","","","","","","","","","","","","","","","","","","","","","","","","","","","","","","","90366","85577","93230","105018","109219","121813","128026","128026","124919","132664","432200","282432","",
"Bhutan","BTN","Container port traffic (TEU: 20 foot equivalent units)","IS.SHP.GOOD.TU","","","","","","","","","","","","","","","","","","","","","","","","","","","","","","","","","","","","","","","","","","","","","","","","","","","","","","","","","","","","","",
"Botswana","BWA","Container port traffic (TEU: 20 foot equivalent units)","IS.SHP.GOOD.TU","","","","","","","","","","","","","","","","","","","","","","","","","","","","","","","","","","","","","","","","","","","","","","","","","","","","","","","","","","","","","",
"Central African Republic","CAF","Container port traffic (TEU: 20 foot equivalent units)","IS.SHP.GOOD.TU","","","","","","","","","","","","","","","","","","","","","","","","","","","","","","","","","","","","","","","","","","","","","","","","","","","","","","","","","","","","","",
"Canada","CAN","Container port traffic (TEU: 20 foot equivalent units)","IS.SHP.GOOD.TU","","","","","","","","","","","","","","","","","","","","","","","","","","","","","","","","","","","","","","","","","2927942","2890388","3307310","3631072","3926147","4163424","4330163","4413927","4720663","4191568.063","4694495.54","4755352","5111777","5241009","5426175","5793852","5738484","6377750","6770381","6901600","6196600",
"Central Europe and the Baltics","CEB","Container port traffic (TEU: 20 foot equivalent units)","IS.SHP.GOOD.TU","","","","","","","","","","","","","","","","","","","","","","","","","","","","","","","","","","","","","","","","","","","","","","","","3499057","3745827","2439520","3083518","3680422","4122052","4595451","4993428","4696390","5002476","5607462","6434132","6678930","6409119",
"Switzerland","CHE","Container port traffic (TEU: 20 foot equivalent units)","IS.SHP.GOOD.TU","","","","","","","","","","","","","","","","","","","","","","","","","","","","","","","","","","","","","","","","","","","","","","","","104366","92464","78285","99000","93000","102000","105000","104500","102916","103708","103312","103510","103411","",
"Channel Islands","CHI","Container port traffic (TEU: 20 foot equivalent units)","IS.SHP.GOOD.TU","","","","","","","","","","","","","","","","","","","","","","","","","","","","","","","","","","","","","","","","","","","","","","","","","","","","","","","","","","","","","",
"Chile","CHL","Container port traffic (TEU: 20 foot equivalent units)","IS.SHP.GOOD.TU","","","","","","","","","","","","","","","","","","","","","","","","","","","","","","","","","","","","","","","","","1253131","1080545","1167880","1250126","1658672","1804236","2126811","2725218","3164137","2795990.2016","3167305","3392436","3514149","3853580","3951738","3956842","4170283","4407772","4661469","4496578","4192000",
"China","CHN","Container port traffic (TEU: 20 foot equivalent units)","IS.SHP.GOOD.TU","","","","","","","","","","","","","","","","","","","","","","","","","","","","","","","","","","","","","","","","","41000000","44726084","55717488","61898336","74725444","67245263","84810503","103823024","115941970","108799933.7248","131989200","146441501","159337100","174393600","185136300","193734000","197849000","222155820","233201600","242030000","245103781",
"Cote d'Ivoire","CIV","Container port traffic (TEU: 20 foot equivalent units)","IS.SHP.GOOD.TU","","","","","","","","","","","","","","","","","","","","","","","","","","","","","","","","","","","","","","","","","434422","543845","579060","612546","670000","710000","","590306","713625","677029","530000","546000","633900","633900","600000","896516","902058","907600","919000","918669","974872",
"Cameroon","CMR","Container port traffic (TEU: 20 foot equivalent units)","IS.SHP.GOOD.TU","","","","","","","","","","","","","","","","","","","","","","","","","","","","","","","","","","","","","","","","","","","","","","","","217681","270000","245538","290000","340000","313371","339269","333555","336412","334983.5","387000","360991.75","397023.546377071","395872",
"Congo, Dem. Rep.","COD","Container port traffic (TEU: 20 foot equivalent units)","IS.SHP.GOOD.TU","","","","","","","","","","","","","","","","","","","","","","","","","","","","","","","","","","","","","","","","","","","","","","","","","","","55000","58000","42690","45000","73265","45000","59132.5","52066.25","55599.38","42211","",
"Congo, Rep.","COG","Container port traffic (TEU: 20 foot equivalent units)","IS.SHP.GOOD.TU","","","","","","","","","","","","","","","","","","","","","","","","","","","","","","","","","","","","","","","","","","","","","","","","","321000","291917.4","355000","442800","518000","480400","499200","489800","494500","579000","536750","557875","556579",
"Colombia","COL","Container port traffic (TEU: 20 foot equivalent units)","IS.SHP.GOOD.TU","","","","","","","","","","","","","","","","","","","","","","","","","","","","","","","","","","","","","","","","","791588","577041","960720","995203","946945","1236121","1510744","2076760","1969316","2056789.2236","2447727","2844798","3361028","3128901","3351458","3696592","3491220","3956466","4582712","4402574","4480900",
"Comoros","COM","Container port traffic (TEU: 20 foot equivalent units)","IS.SHP.GOOD.TU","","","","","","","","","","","","","","","","","","","","","","","","","","","","","","","","","","","","","","","","","","","","","","","","","","","44697.48","77184.98","79917.15","67847.03","68894.84","76096.89","73309.69","52673.2","55032.5","54358.54","",
"Cabo Verde","CPV","Container port traffic (TEU: 20 foot equivalent units)","IS.SHP.GOOD.TU","","","","","","","","","","","","","","","","","","","","","","","","","","","","","","","","","","","","","","","","","","","","","","","","","","","54110.54","62118.43","58980.73","35490.56","37376.6","33842.01","38312.37","41930.7","79354.19","52378.23","",
"Costa Rica","CRI","Container port traffic (TEU: 20 foot equivalent units)","IS.SHP.GOOD.TU","","","","","","","","","","","","","","","","","","","","","","","","","","","","","","","","","","","","","","","","","573502","563825","602570","669259","734088","740420","834321","976621","1004971","875687","1036214","1095441","1229529","1246829","1298600","1343841","1441756","1489210","1492791","1552590","1511600",
"Caribbean small states","CSS","Container port traffic (TEU: 20 foot equivalent units)","IS.SHP.GOOD.TU","","","","","","","","","","","","","","","","","","","","","","","","","","","","","","","","","","","","","","","","","","","","","","","","4391829","4416836","3757542","3937252.5","3883464","4081252","4065614","4029434","4050814","3692940","3333999.5","3819949.59","4096793.18","3683150.5",
"Cuba","CUB","Container port traffic (TEU: 20 foot equivalent units)","IS.SHP.GOOD.TU","","","","","","","","","","","","","","","","","","","","","","","","","","","","","","","","","","","","","","","","","","","","","","","","319857","319000","290098.6","228000","246773","240000","263900","230000","260000","296100","332200","349700","340950","",
"Curacao","CUW","Container port traffic (TEU: 20 foot equivalent units)","IS.SHP.GOOD.TU","","","","","","","","","","","","","","","","","","","","","","","","","","","","","","","","","","","","","","","","","","","","","","","","","","","","94097","99191","87452","89193","90016","98278","93921","96738","76877","76877",
"Cayman Islands","CYM","Container port traffic (TEU: 20 foot equivalent units)","IS.SHP.GOOD.TU","","","","","","","","","","","","","","","","","","","","","","","","","","","","","","","","","","","","","","","","","","","","","","","","649","36644","44215","46285","44091","48479","49952","50069","54607","60718","61940","38772","38869","38820.5",
"Cyprus","CYP","Container port traffic (TEU: 20 foot equivalent units)","IS.SHP.GOOD.TU","","","","","","","","","","","","","","","","","","","","","","","","","","","","","","","","","","","","","","","","","","","","","","","","377037","416970","353913","344882","360652","360652","277058","308058","308458","308458","393100","416200","389962","364364",
"Czech Republic","CZE","Container port traffic (TEU: 20 foot equivalent units)","IS.SHP.GOOD.TU","","","","","","","","","","","","","","","","","","","","","","","","","","","","","","","","","","","","","","","","","","","","","","","","","","","","","","","","","","","","","",
"Germany","DEU","Container port traffic (TEU: 20 foot equivalent units)","IS.SHP.GOOD.TU","","","","","","","","","","","","","","","","","","","","","","","","","","","","","","","","","","","","","","","","","7695688","8426520","9252670","10943452","12479419","13598987","15009691","16644222","17183042.1168","13296300.2124179","14674340","18323981","18449700","18932700","19866700","19238700","19420700","19718533","19706500","19596415","18028702",
"Djibouti","DJI","Container port traffic (TEU: 20 foot equivalent units)","IS.SHP.GOOD.TU","","","","","","","","","","","","","","","","","","","","","","","","","","","","","","","","","","","","","","","","","","","","","","","","294902","356462","519500","600000","634200","659600","660000","736000","910000","987000","928000","859000","932000","812569",
"Dominica","DMA","Container port traffic (TEU: 20 foot equivalent units)","IS.SHP.GOOD.TU","","","","","","","","","","","","","","","","","","","","","","","","","","","","","","","","","","","","","","","","","","","","","","","","","","","7363","7836","6890","7469","7744","7361","7361","7425","7393","7409","7401",
"Denmark","DNK","Container port traffic (TEU: 20 foot equivalent units)","IS.SHP.GOOD.TU","","","","","","","","","","","","","","","","","","","","","","","","","","","","","","","","","","","","","","","","","568660","457386","587300","888729","1213919","913960","679707","775117","740682","621546","734000","782000","762000","747000","744000","750000","787652","812800","828900","869600","921513",
"Dominican Republic","DOM","Container port traffic (TEU: 20 foot equivalent units)","IS.SHP.GOOD.TU","","","","","","","","","","","","","","","","","","","","","","","","","","","","","","","","","","","","","","","","","566479","487827","541930","480650","537317","","597583","883785","1138471","1263467.5494","1636869","1480274","1751758","1446402","1265132","1371708","1486227","1842616","1906487","1894225","1979465.125",
"Algeria","DZA","Container port traffic (TEU: 20 foot equivalent units)","IS.SHP.GOOD.TU","","","","","","","","","","","","","","","","","","","","","","","","","","","","","","","","","","","","","","","","","267530","311111","","","","","","200050","225140","250095.2398","1114117","1180048","1380316","1494877","1240538","1635509","1243300","974345","1032000","688500","724991",
"East Asia & Pacific (excluding high income)","EAP","Container port traffic (TEU: 20 foot equivalent units)","IS.SHP.GOOD.TU","","","","","","","","","","","","","","","","","","","","","","","","","","","","","","","","","","","","","","","","","56840499","62621336","77904818","86891558","102402184","96232448","114796121","140639995","155725485.3104","147752713.767078","178147341.345","196126288.082","213607784.794","231967845.378","246897863.738","259988396.323","266021168.323","291952525.36","307243311.181","319822744.82","305296568.31523",
"Early-demographic dividend","EAR","Container port traffic (TEU: 20 foot equivalent units)","IS.SHP.GOOD.TU","","","","","","","","","","","","","","","","","","","","","","","","","","","","","","","","","","","","","","","","","24653677","27613470","27230030","33495544","36951024","44473958","48474936","60134388","67893464.2896","66375942.1348474","78908976.086","85121607.532","90820895.91","94047619.078","95772134.328","100807611.943","101192023.373","110367728.98","117082853.93","117265383.52788","92364786.875",
"East Asia & Pacific","EAS","Container port traffic (TEU: 20 foot equivalent units)","IS.SHP.GOOD.TU","","","","","","","","","","","","","","","","","","","","","","","","","","","","","","","","","","","","","","","","","111180913","115948099","137479148","151803542","174201309","193780272","217761320","252296411","269311779.7","247674210.41178","290065255.305","312070858.049","334499992.331","356303399.733","375381121.341","383197379.873","390175227.819","422501877.592","443833159.964","454012636.7","436372016.39523",
"Europe & Central Asia (excluding high income)","ECA","Container port traffic (TEU: 20 foot equivalent units)","IS.SHP.GOOD.TU","","","","","","","","","","","","","","","","","","","","","","","","","","","","","","","","","","","","","","","","","","","","","5101129","6329089","7716156","10391485","11598485.7952","8447290.69515488","10532608.33","12085886.11","13341035.527","15439888.944","15564028.764","13873881.8042","14600214.0442","16615780.5742","18334821.0342","18857415.76","",
"Europe & Central Asia","ECS","Container port traffic (TEU: 20 foot equivalent units)","IS.SHP.GOOD.TU","","","","","","","","","","","","","","","","","","","","","","","","","","","","","","","","","","","","","","","","","48312150","50660187","55628833","60321993","71190112","75798358","81291535","97542316","98520362.3448","84176404.3570037","92223818.984","101508534.47","104699609.007","109260266.143","114579293.781","112060822.4032","115925968.0432","123495452.0742","129580466.7692","132165130.076","115286754",
"Ecuador","ECU","Container port traffic (TEU: 20 foot equivalent units)","IS.SHP.GOOD.TU","","","","","","","","","","","","","","","","","","","","","","","","","","","","","","","","","","","","","","","","","414104","414355","500470","521550","564515","632722","671087","674837","670831","1000895","1252570","1529317","1591052","1643587","1772532","1824595","1900351","1990094","2212486","2127042","2190853",
"Egypt, Arab Rep.","EGY","Container port traffic (TEU: 20 foot equivalent units)","IS.SHP.GOOD.TU","","","","","","","","","","","","","","","","","","","","","","","","","","","","","","","","","","","","","","","","","1625601","1708990","1336040","1579530","2959895","4031114","5372832","5181581","6099218","6250443","6833009","6512831","7433800","7344000","7896000","7185300","7276300","6104100","6369600","6306865.63787969","5928454",
"Euro area","EMU","Container port traffic (TEU: 20 foot equivalent units)","IS.SHP.GOOD.TU","","","","","","","","","","","","","","","","","","","","","","","","","","","","","","","","","","","","","","","","","39584683","41083986","45368890","49496502","56463577","60340714","64608715","76781743","77334454.6632","67115467.7011566","71740130","79014078","80945533","83026231","86741410","85977343","88579511","93538414","97407681","98627379","95093600",
"Eritrea","ERI","Container port traffic (TEU: 20 foot equivalent units)","IS.SHP.GOOD.TU","","","","","","","","","","","","","","","","","","","","","","","","","","","","","","","","","","","","","","","","","","","","","","","","","","","","","25852.15","19202.06","22527.11","12551.97","12551.97","12551.97","37259.65","27452.8","",
"Spain","ESP","Container port traffic (TEU: 20 foot equivalent units)","IS.SHP.GOOD.TU","","","","","","","","","","","","","","","","","","","","","","","","","","","","","","","","","","","","","","","","","5789693","6156351","6664100","7363964","8270437","9170557","10033089","13346028","13461304.0976","11803192.2752","12549202","13896018","14017926","13870494","14186292","14245394","14941394","15979051","17154760","17372962","17372500",
"Estonia","EST","Container port traffic (TEU: 20 foot equivalent units)","IS.SHP.GOOD.TU","","","","","","","","","","","","","","","","","","","","","","","","","","","","","","","","","","","","","","","","","","","","","","","","180911","180927","130939","152000","198000","227800","253627","260293","208700","202327","215500","222700","239000","214000",
"Ethiopia","ETH","Container port traffic (TEU: 20 foot equivalent units)","IS.SHP.GOOD.TU","","","","","","","","","","","","","","","","","","","","","","","","","","","","","","","","","","","","","","","","","","","","","","","","","","","","","","","","","","","","","",
"European Union","EUU","Container port traffic (TEU: 20 foot equivalent units)","IS.SHP.GOOD.TU","","","","","","","","","","","","","","","","","","","","","","","","","","","","","","","","","","","","","","","","","41051632","42672228","46785653","51632029","59654992","63373218","67710907","81299855","81986204.6632","70521472.7011566","75778478","83514992","85769033","88173554","92164764","91126943","94022279","99455744","103840781","105431677","101761514",
"Fragile and conflict affected situations","FCS","Container port traffic (TEU: 20 foot equivalent units)","IS.SHP.GOOD.TU","","","","","","","","","","","","","","","","","","","","","","","","","","","","","","","","","","","","","","","","","","","","","","","","","","","","","8315761.024","8469535.208","8460085.018","8006721.043","8250312.633","9463344.79","9293866.581","8711901.23637707","",
"Finland","FIN","Container port traffic (TEU: 20 foot equivalent units)","IS.SHP.GOOD.TU","","","","","","","","","","","","","","","","","","","","","","","","","","","","","","","","","","","","","","","","","928318","1018729","1086720","1162400","1307092","1312305","1416404","1560089","1605522.7576","1125532.53496144","1223702","1399612","1474426","1457388","1440350","1416985","1513174","1632000","1599990","1608638","1532564",
"Fiji","FJI","Container port traffic (TEU: 20 foot equivalent units)","IS.SHP.GOOD.TU","","","","","","","","","","","","","","","","","","","","","","","","","","","","","","","","","","","","","","","","","","","","","","","","","","","257316","290789","232617.4","324269.9","329096.8","255214","244524.4","276943.9","279465.5","145782.4","",
"France","FRA","Container port traffic (TEU: 20 foot equivalent units)","IS.SHP.GOOD.TU","","","","","","","","","","","","","","","","","","","","","","","","","","","","","","","","","","","","","","","","","2923190","2997774","3276150","3565963","3954173","4000847","4259470","4984492","4887718","4674198","5185195","4707864","5194812","5205100","5387900","5381800","5454600","5861000","5963100","5871100","5107857",
"Faroe Islands","FRO","Container port traffic (TEU: 20 foot equivalent units)","IS.SHP.GOOD.TU","","","","","","","","","","","","","","","","","","","","","","","","","","","","","","","","","","","","","","","","","","","","","","","","","","","34325.88","35751.59","35739.63","32168.71","35753.08","33506.52","33520.26","34942.61","35039.3","31214.33","",
"Micronesia, Fed. Sts.","FSM","Container port traffic (TEU: 20 foot equivalent units)","IS.SHP.GOOD.TU","","","","","","","","","","","","","","","","","","","","","","","","","","","","","","","","","","","","","","","","","","","","","","","","","","","6570.016","5900.462","13192.05","9269.688","9269.688","9814.813","9814.813","11433.5","32194.52","25234.09","",
"Gabon","GAB","Container port traffic (TEU: 20 foot equivalent units)","IS.SHP.GOOD.TU","","","","","","","","","","","","","","","","","","","","","","","","","","","","","","","","","","","","","","","","","","","","","","","","","158884","132348.8","153657","162415","168912","183455","197998","190726.5","194362.3","192544.4","193453.3","192998.8","",
"United Kingdom","GBR","Container port traffic (TEU: 20 foot equivalent units)","IS.SHP.GOOD.TU","","","","","","","","","","","","","","","","","","","","","","","","","","","","","","","","","","","","","","","","","6434734","7058054","7059610","6700066","8326913","8249587","8434458","8625102","8236522.8864","7671299.96069216","8222000","8141000","7980000","8244000","9511000","9772000","10200000","10240000","10313000","10222500","8692260",
"Georgia","GEO","Container port traffic (TEU: 20 foot equivalent units)","IS.SHP.GOOD.TU","","","","","","","","","","","","","","","","","","","","","","","","","","","","","","","","","","","","","","","","","","","","","","","","184792","253811","181613","209800","209800","210000","226000","256000","222000","253500","285000","269250","277125","260498",
"Ghana","GHA","Container port traffic (TEU: 20 foot equivalent units)","IS.SHP.GOOD.TU","","","","","","","","","","","","","","","","","","","","","","","","","","","","","","","","","","","","","","","","","","","","","","","","544294","612847.1736","557323.21967184","643100","813900","881200","900000","890000","900000","954700","1009400","1063000","1100205","1050696",
"Gibraltar","GIB","Container port traffic (TEU: 20 foot equivalent units)","IS.SHP.GOOD.TU","","","","","","","","","","","","","","","","","","","","","","","","","","","","","","","","","","","","","","","","","","","","","","","","","","","7898.774","37415.77","18811.85","2779.161","10847.59","18643.37","18621.03","4626.185","17114.73","10870.46","",
"Guinea","GIN","Container port traffic (TEU: 20 foot equivalent units)","IS.SHP.GOOD.TU","","","","","","","","","","","","","","","","","","","","","","","","","","","","","","","","","","","","","","","","","","","","","","","","","","","120000","140007","147466","147255","160160","153707.5","156933.8","171900","164416.9","197739.4","",
"Gambia, The","GMB","Container port traffic (TEU: 20 foot equivalent units)","IS.SHP.GOOD.TU","","","","","","","","","","","","","","","","","","","","","","","","","","","","","","","","","","","","","","","","","","","","","","","","","","","58521","71932","65226","68759","70000","65000","60000","62500","61250","71469.72","",
"Guinea-Bissau","GNB","Container port traffic (TEU: 20 foot equivalent units)","IS.SHP.GOOD.TU","","","","","","","","","","","","","","","","","","","","","","","","","","","","","","","","","","","","","","","","","","","","","","","","","","","30636.63","64409.75","39519.18","28632.55","47720.71","27136.36","26382.34","56819.16","47433.09","28699.98","",
"Equatorial Guinea","GNQ","Container port traffic (TEU: 20 foot equivalent units)","IS.SHP.GOOD.TU","","","","","","","","","","","","","","","","","","","","","","","","","","","","","","","","","","","","","","","","","","","","","","","","","","","9500","9750","9625","9687","10000","10000","9922","9961","9941.5","9951.25","",
"Greece","GRC","Container port traffic (TEU: 20 foot equivalent units)","IS.SHP.GOOD.TU","","","","","","","","","","","","","","","","","","","","","","","","","","","","","","","","","","","","","","","","","1390844","1412286","1660510","1908121","1895755","1779030","1769098","1820349","672522","935076","1137000","1976000","3051900","3486000","3935200","3679000","4026000","4546200","5332000","5992400","5756000",
"Grenada","GRD","Container port traffic (TEU: 20 foot equivalent units)","IS.SHP.GOOD.TU","","","","","","","","","","","","","","","","","","","","","","","","","","","","","","","","","","","","","","","","","","","","","","","","","","","15000","14200","14000","16100","16100","16000","16050","21900","23900","26290","",
"Greenland","GRL","Container port traffic (TEU: 20 foot equivalent units)","IS.SHP.GOOD.TU","","","","","","","","","","","","","","","","","","","","","","","","","","","","","","","","","","","","","","","","","","","","","","","","","","","","","","4746.328","4536.347","8631.709","8631.709","6998.705","6998.705","6144.526","",
"Guatemala","GTM","Container port traffic (TEU: 20 foot equivalent units)","IS.SHP.GOOD.TU","","","","","","","","","","","","","","","","","","","","","","","","","","","","","","","","","","","","","","","","","495809","322136","360160","713181","826748","776395","800245","870288","937642","906326","996793","1099409","1135554","1211561","1263476","1350920","1470101","1389751","1530596","1521422","1475779",
"Guam","GUM","Container port traffic (TEU: 20 foot equivalent units)","IS.SHP.GOOD.TU","","","","","","","","","","","","","","","","","","","","","","","","","","","","","","","","","","","","","","","","","","","","","","","","165427","167784","157096","183000","180800","173089","169800","161000","161000","161000","198600","181800","190200","",
"Guyana","GUY","Container port traffic (TEU: 20 foot equivalent units)","IS.SHP.GOOD.TU","","","","","","","","","","","","","","","","","","","","","","","","","","","","","","","","","","","","","","","","","","","","","","","","","","","45395.5","45006","45785","50991","48735","52834","55168","57663","58210","58543","58376.5",
"High income","HIC","Container port traffic (TEU: 20 foot equivalent units)","IS.SHP.GOOD.TU","","","","","","","","","","","","","","","","","","","","","","","","","","","","","","","","","","","","","","","","","144256219","146914881","160090433","177190615","196114904","234522701","248613890","281164535","282996953.9904","251242260.474151","276727630.635","291929531.578","303101481.178","311235771.515","324028584.144","322061366.453","326747645.699","343399962.676","357935859.492","359109292.201","348809843.58",
"Hong Kong SAR, China","HKG","Container port traffic (TEU: 20 foot equivalent units)","IS.SHP.GOOD.TU","","","","","","","","","","","","","","","","","","","","","","","","","","","","","","","","","","","","","","","","","","","","","","22601630","23538580","23998449","24494229","21040096","23600000","24404000","23100000","22290000","22300000","20114000","19580000","20760000","19641000","18360000","17969000",
"Honduras","HND","Container port traffic (TEU: 20 foot equivalent units)","IS.SHP.GOOD.TU","","","","","","","","","","","","","","","","","","","","","","","","","","","","","","","","","","","","","","","","","392837","406359","413840","470567","555489","553013","","636435","669802","571720","619867","662644","666600","671421","695260","743686","757271","831555","813164","700063","785056",
"Heavily indebted poor countries (HIPC)","HPC","Container port traffic (TEU: 20 foot equivalent units)","IS.SHP.GOOD.TU","","","","","","","","","","","","","","","","","","","","","","","","","","","","","","","","","","","","","","","","","","","","","","","","","","","","","","","","","","","","","",
"Croatia","HRV","Container port traffic (TEU: 20 foot equivalent units)","IS.SHP.GOOD.TU","","","","","","","","","","","","","","","","","","","","","","","","","","","","","","","","","","","","","","","","","14153","18218","23853","42326","76550","94223","112906","145040","168761","130740","121091","128400","128400","145400","211900","181800","181800","240030","264500","331300","347400",
"Haiti","HTI","Container port traffic (TEU: 20 foot equivalent units)","IS.SHP.GOOD.TU","","","","","","","","","","","","","","","","","","","","","","","","","","","","","","","","","","","","","","","","","","","","","","","","","","","176874","189028","164720","172516","175307","178452","176879","177141","177010","177075.5","177042.75",
"Hungary","HUN","Container port traffic (TEU: 20 foot equivalent units)","IS.SHP.GOOD.TU","","","","","","","","","","","","","","","","","","","","","","","","","","","","","","","","","","","","","","","","","","","","","","","","","","","","","","","","","","","","","",
"IBRD only","IBD","Container port traffic (TEU: 20 foot equivalent units)","IS.SHP.GOOD.TU","","","","","","","","","","","","","","","","","","","","","","","","","","","","","","","","","","","","","","","","","80536645","87482406","103365921","118800179","140760549","139885612","167699331","203713191","227502766.9888","214654851.6313","259143972.22","284245127.157","306724618.474","329854691.959","347891572.037","360996705.7842","366035486.3802","401285389.8362","424053393.6272","437563734.78788","398769398.44023",
"IDA & IBRD total","IBT","Container port traffic (TEU: 20 foot equivalent units)","IS.SHP.GOOD.TU","","","","","","","","","","","","","","","","","","","","","","","","","","","","","","","","","","","","","","","","","82068088","90175158","104943041","121884489","144482441","143643904","170377798","213116867","238290546.0832","225425791.411747","273568747.365","300055477.039","322933530.018","346374140.957","365555712.345","379617380.5372","385650757.2532","423344370.5762","446897716.9682","460336230.808491","417809523.99023",
"IDA total","IDA","Container port traffic (TEU: 20 foot equivalent units)","IS.SHP.GOOD.TU","","","","","","","","","","","","","","","","","","","","","","","","","","","","","","","","","","","","","","","","","","","","","","","","","","","14424775.145","15810349.882","16208911.544","16519448.998","17664140.308","18620674.753","19615270.873","22058980.74","22844323.341","22772496.0206118","",
"IDA blend","IDB","Container port traffic (TEU: 20 foot equivalent units)","IS.SHP.GOOD.TU","","","","","","","","","","","","","","","","","","","","","","","","","","","","","","","","","","","","","","","","","","","","1376037","1781983","","","","3558598","3631716.4","5444557.54","6146670.43","6407200.13","6338008.46","6855672.4","6755965.01","6811921.27","7629535.6","8077846.44","7914585.17637707","7201419",
"Indonesia","IDN","Container port traffic (TEU: 20 foot equivalent units)","IS.SHP.GOOD.TU","","","","","","","","","","","","","","","","","","","","","","","","","","","","","","","","","","","","","","","","","3797948","3901761","4539880","5176982","5369297","5503176","4316296","6582910","7404831","7255004.7486","9010442","9623589","10713294","11718228","11636900","12031700","12431700","12829600","14060600","14763630","14025449",
"IDA only","IDX","Container port traffic (TEU: 20 foot equivalent units)","IS.SHP.GOOD.TU","","","","","","","","","","","","","","","","","","","","","","","","","","","","","","","","","","","","","","","","","","","","","","","","","","","","","","","","","","","","","",
"Isle of Man","IMN","Container port traffic (TEU: 20 foot equivalent units)","IS.SHP.GOOD.TU","","","","","","","","","","","","","","","","","","","","","","","","","","","","","","","","","","","","","","","","","","","","","","","","","","","","","","","","","","","","","",
"India","IND","Container port traffic (TEU: 20 foot equivalent units)","IS.SHP.GOOD.TU","","","","","","","","","","","","","","","","","","","","","","","","","","","","","","","","","","","","","","","","","2450656","2764757","3208380","3916814","4332863","4982092","6141148","7398211","7672457","8014487.2","8889576","9893786","10041000","10632000","11319000","11883003","12083010","15429000","16946200","17053200","16285806",
"Not classified","INX","Container port traffic (TEU: 20 foot equivalent units)","IS.SHP.GOOD.TU","","","","","","","","","","","","","","","","","","","","","","","","","","","","","","","","","","","","","","","","","","","","","","","","","","","","","","","","","","","","","",
"Ireland","IRL","Container port traffic (TEU: 20 foot equivalent units)","IS.SHP.GOOD.TU","","","","","","","","","","","","","","","","","","","","","","","","","","","","","","","","","","","","","","","","","721395","722148","775310","869607","924885","973257","1089252","1175155","1059926.984","832021.8056496","817362","781000","733000","727000","793000","860000","910000","960300","999300","1045000","1041000",
"Iran, Islamic Rep.","IRN","Container port traffic (TEU: 20 foot equivalent units)","IS.SHP.GOOD.TU","","","","","","","","","","","","","","","","","","","","","","","","","","","","","","","","","","","","","","","","","","","805860","1090212","1177265","1325643","1528518","1722513","2000230","2206476","2732500","2995000","2313000","2209000","2371000","2174000","2452000","3093400","2378600","2012000","1853000",
"Iraq","IRQ","Container port traffic (TEU: 20 foot equivalent units)","IS.SHP.GOOD.TU","","","","","","","","","","","","","","","","","","","","","","","","","","","","","","","","","","","","","","","","","","","","","","","","","","","46255.56","56018.41","52424.53","67553.94","133961.3","108905","220859.7","823944.7","743211.1","932728.6","",
"Iceland","ISL","Container port traffic (TEU: 20 foot equivalent units)","IS.SHP.GOOD.TU","","","","","","","","","","","","","","","","","","","","","","","","","","","","","","","","","","","","","","","","","","","","","","","","291748","267151","193816","193000","199850","220500","241900","261700","261700","261700","350348","352300","330292","297263",
"Israel","ISR","Container port traffic (TEU: 20 foot equivalent units)","IS.SHP.GOOD.TU","","","","","","","","","","","","","","","","","","","","","","","","","","","","","","","","","","","","","","","","","","1378259","1461000","1548080","1431510","1712339","1773498","1957328","2089900","2033000","2282000","2413000","2561000","2539000","2446000","2522000","2522000","2868000","2946000","2917000","2994000",
"Italy","ITA","Container port traffic (TEU: 20 foot equivalent units)","IS.SHP.GOOD.TU","","","","","","","","","","","","","","","","","","","","","","","","","","","","","","","","","","","","","","","","","6918588","7073459","7950210","8473220","9468316","9856802","9731150","10610893","10530214","9532462","8021929","8689878","8550901","9537962","9683000","9436316","9774316","9894845","9922512","10120001","9800000",
"Jamaica","JAM","Container port traffic (TEU: 20 foot equivalent units)","IS.SHP.GOOD.TU","","","","","","","","","","","","","","","","","","","","","","","","","","","","","","","","","","","","","","","","","765977","983400","1065000","1137798","1360623","1671820","2150408","2016792","1915943","1689670","1891770","1756832","1855400","1703900","1638100","1653272","1567442","1560000","1833053","1647609","1611637",
"Jordan","JOR","Container port traffic (TEU: 20 foot equivalent units)","IS.SHP.GOOD.TU","","","","","","","","","","","","","","","","","","","","","","","","","","","","","","","","","","","","","","","","","","","","","","","","414000","582515","674525","606000","705000","817000","873000","787000","767000","781543.5","796087","815345","798200","857283",
"Japan","JPN","Container port traffic (TEU: 20 foot equivalent units)","IS.SHP.GOOD.TU","","","","","","","","","","","","","","","","","","","","","","","","","","","","","","","","","","","","","","","","","13100000","13127144","13501420","15055696","16436146","17055082","18469710","19164522","18943606","16285918","18965865","18114999.05","19727200","20522000","20741500","20138396.25","20319000","21962500","22610460","22276700","21385632",
"Kazakhstan","KAZ","Container port traffic (TEU: 20 foot equivalent units)","IS.SHP.GOOD.TU","","","","","","","","","","","","","","","","","","","","","","","","","","","","","","","","","","","","","","","","","","","","","","","","","","","","","","","","","","","","","",
"Kenya","KEN","Container port traffic (TEU: 20 foot equivalent units)","IS.SHP.GOOD.TU","","","","","","","","","","","","","","","","","","","","","","","","","","","","","","","","","","","","","","","","","","","","","","","","585367","615733","618816","695600","771000","903400","894000","1012000","1076100","1133050","1190000","1328100","1425000","1311000",
"Kyrgyz Republic","KGZ","Container port traffic (TEU: 20 foot equivalent units)","IS.SHP.GOOD.TU","","","","","","","","","","","","","","","","","","","","","","","","","","","","","","","","","","","","","","","","","","","","","","","","","","","","","","","","","","","","","",
"Cambodia","KHM","Container port traffic (TEU: 20 foot equivalent units)","IS.SHP.GOOD.TU","","","","","","","","","","","","","","","","","","","","","","","","","","","","","","","","","","","","","","","","","","","","","","","","253271","258775","207577","286206","306206","306206","312000","424000","474000","482000","644500","742100","779205","763621",
"Kiribati","KIR","Container port traffic (TEU: 20 foot equivalent units)","IS.SHP.GOOD.TU","","","","","","","","","","","","","","","","","","","","","","","","","","","","","","","","","","","","","","","","","","","","","","","","","","","29875.69","25775.69","25775.69","52964.24","22998.09","35149.2","49005.46","53468.83","52568.09","52099.86","",
"St. Kitts and Nevis","KNA","Container port traffic (TEU: 20 foot equivalent units)","IS.SHP.GOOD.TU","","","","","","","","","","","","","","","","","","","","","","","","","","","","","","","","","","","","","","","","","","","","","","","","","","","7100","7300","7800","7000","9000","10000","9500","13767","14402.34","14258","",
"Korea, Rep.","KOR","Container port traffic (TEU: 20 foot equivalent units)","IS.SHP.GOOD.TU","","","","","","","","","","","","","","","","","","","","","","","","","","","","","","","","","","","","","","","","","9030174","9287221","11719500","13049534","14363194","15113275","15513935","17086133","17417723","15699663.2754","18520000","20466000","21516900","23445000","24814000","25477000","26373000","27415800","28867900","28311770","28425017.08",
"Kuwait","KWT","Container port traffic (TEU: 20 foot equivalent units)","IS.SHP.GOOD.TU","","","","","","","","","","","","","","","","","","","","","","","","","","","","","","","","","","","","","","","","","","","","","","673472","750000","900000","961684","854044","815532","810248","824196","840149","904049","984815","944432","964623.5","954527.75","959575.625","863618",
"Latin America & Caribbean (excluding high income)","LAC","Container port traffic (TEU: 20 foot equivalent units)","IS.SHP.GOOD.TU","","","","","","","","","","","","","","","","","","","","","","","","","","","","","","","","","","","","","","","","","11704241","11014290","12110840","14556198","16862118","18952870","21412089","23956322","27910608.8832","25868535.2406672","32496350.5","35433384","37572577","38129721","39162645","41282766","39322077","42339675","44931376","44757223.3","36089502.375",
"Lao PDR","LAO","Container port traffic (TEU: 20 foot equivalent units)","IS.SHP.GOOD.TU","","","","","","","","","","","","","","","","","","","","","","","","","","","","","","","","","","","","","","","","","","","","","","","","","","","","","","","","","","","","","",
"Lebanon","LBN","Container port traffic (TEU: 20 foot equivalent units)","IS.SHP.GOOD.TU","","","","","","","","","","","","","","","","","","","","","","","","","","","","","","","","","","","","","","","","","","299400","","","","","594603","947625","861931","994601","949000","1034000","1042000","1117300","1210000","1130000","1217500","1305000","1305800","1229100","772871",
"Liberia","LBR","Container port traffic (TEU: 20 foot equivalent units)","IS.SHP.GOOD.TU","","","","","","","","","","","","","","","","","","","","","","","","","","","","","","","","","","","","","","","","","","","","","","","","","","","53400","59800","85589","70000","79000","100000","112500","125000","118750","91453.84","",
"Libya","LBY","Container port traffic (TEU: 20 foot equivalent units)","IS.SHP.GOOD.TU","","","","","","","","","","","","","","","","","","","","","","","","","","","","","","","","","","","","","","","","","","","","","","","","122122","174827","158987.6738","136203.3","87443.9","76721.51","312181.6","375729.1","558764.1","151551.5","212164.5","327096.8","271230.6","",
"St. Lucia","LCA","Container port traffic (TEU: 20 foot equivalent units)","IS.SHP.GOOD.TU","","","","","","","","","","","","","","","","","","","","","","","","","","","","","","","","","","","","","","","","","","","","","","","","55582","70202","51942","52478","62598","74831","64415","41452","41500","38383","28841","32500","39238","41200",
"Latin America & Caribbean","LCN","Container port traffic (TEU: 20 foot equivalent units)","IS.SHP.GOOD.TU","","","","","","","","","","","","","","","","","","","","","","","","","","","","","","","","","","","","","","","","","15860053","16129381","15090170","19556512","22294663","24816487","28018282","32720909","35627766.8832","32630749.9822672","39324882.97","43278612.92","45758753.4","46746167.4","47221278.4","49194337.88","47426632.78","50340319.42","53015992.7","52640120.28","42614031.875",
"Least developed countries: UN classification","LDC","Container port traffic (TEU: 20 foot equivalent units)","IS.SHP.GOOD.TU","","","","","","","","","","","","","","","","","","","","","","","","","","","","","","","","","","","","","","","","","","","","","","","","","","","","","","","","","","","","","",
"Low income","LIC","Container port traffic (TEU: 20 foot equivalent units)","IS.SHP.GOOD.TU","","","","","","","","","","","","","","","","","","","","","","","","","","","","","","","","","","","","","","","","","","","","","","","","","","","","","","","","","","","","","",
"Liechtenstein","LIE","Container port traffic (TEU: 20 foot equivalent units)","IS.SHP.GOOD.TU","","","","","","","","","","","","","","","","","","","","","","","","","","","","","","","","","","","","","","","","","","","","","","","","","","","","","","","","","","","","","",
"Sri Lanka","LKA","Container port traffic (TEU: 20 foot equivalent units)","IS.SHP.GOOD.TU","","","","","","","","","","","","","","","","","","","","","","","","","","","","","","","","","","","","","","","","","1732855","1726605","1764720","1959354","2220525","2455297","3079132","3687338","3687465","3464297","4100000","4260000","4321000","4310000","4908000","5185000","5550000","6200000","7000000","7230000","6850000",
"Lower middle income","LMC","Container port traffic (TEU: 20 foot equivalent units)","IS.SHP.GOOD.TU","","","","","","","","","","","","","","","","","","","","","","","","","","","","","","","","","","","","","","","","","15708008","17456840","18328790","22698161","26690011","28806136","30521930","42052247","47102248.1736","47538560.0232718","60318704.706","64119495.002","67685254.18","71082432.298","76334390.358","80063944.893","82142774.873","88942125.88","95170531.64","97438496.1684915","77670436.75",
"Low & middle income","LMY","Container port traffic (TEU: 20 foot equivalent units)","IS.SHP.GOOD.TU","","","","","","","","","","","","","","","","","","","","","","","","","","","","","","","","","","","","","","","","","79843759","87236458","103366078","119222746","141397641","140624953","166871264","207322063","231830185.0832","219692613.270147","267076352.005","292630990.032","314880434.121","337689692.362","357006682.472","371684288.0372","377275434.7272","414389632.6142","437651640.9152","451288689.208492","409755418.99023",
"Lesotho","LSO","Container port traffic (TEU: 20 foot equivalent units)","IS.SHP.GOOD.TU","","","","","","","","","","","","","","","","","","","","","","","","","","","","","","","","","","","","","","","","","","","","","","","","","","","","","","","","","","","","","",
"Late-demographic dividend","LTE","Container port traffic (TEU: 20 foot equivalent units)","IS.SHP.GOOD.TU","","","","","","","","","","","","","","","","","","","","","","","","","","","","","","","","","","","","","","","","","67353110","74646701","90018938","103950686","123020191","120417203","145336126","178605554","196030004.7776","184240015.058549","218556461.38","240228373.48","259464472.477","280107934.824","298261866.364","309470064.4042","314480333.2942","341972890.1742","359001819.2342","373370720.315","359351240.81523",
"Lithuania","LTU","Container port traffic (TEU: 20 foot equivalent units)","IS.SHP.GOOD.TU","","","","","","","","","","","","","","","","","","","","","","","","","","","","","","","","","","","","","","","","","","","","","","","","321432","373263","247982","295000","382200","381300","402500","450400","393000","443300","472000","750000","705000","640000",
"Luxembourg","LUX","Container port traffic (TEU: 20 foot equivalent units)","IS.SHP.GOOD.TU","","","","","","","","","","","","","","","","","","","","","","","","","","","","","","","","","","","","","","","","","","","","","","","","","","","","","","","","","","","","","",
"Latvia","LVA","Container port traffic (TEU: 20 foot equivalent units)","IS.SHP.GOOD.TU","","","","","","","","","","","","","","","","","","","","","","","","","","","","","","","","","","","","","","","","","","","","","","","","236351","225467","184399","256000","306600","366260","385636","391200","359390","388433","449732","472532","472132","462000",
"Macao SAR, China","MAC","Container port traffic (TEU: 20 foot equivalent units)","IS.SHP.GOOD.TU","","","","","","","","","","","","","","","","","","","","","","","","","","","","","","","","","","","","","","","","","","","","","","","","","","","","","","","","","","","","","",
"St. Martin (French part)","MAF","Container port traffic (TEU: 20 foot equivalent units)","IS.SHP.GOOD.TU","","","","","","","","","","","","","","","","","","","","","","","","","","","","","","","","","","","","","","","","","","","","","","","","","","","","","","","","","","","","","",
"Morocco","MAR","Container port traffic (TEU: 20 foot equivalent units)","IS.SHP.GOOD.TU","","","","","","","","","","","","","","","","","","","","","","","","","","","","","","","","","","","","","","","","","328808","346724","","517549","560682","","","","919360","1222000","2800000","3033000","2964820","3526200","4075000","3965000","3969000","4510000","4711200","6068803","6980958",
"Monaco","MCO","Container port traffic (TEU: 20 foot equivalent units)","IS.SHP.GOOD.TU","","","","","","","","","","","","","","","","","","","","","","","","","","","","","","","","","","","","","","","","","","","","","","","","","","","","","","","","","","","","","",
"Moldova","MDA","Container port traffic (TEU: 20 foot equivalent units)","IS.SHP.GOOD.TU","","","","","","","","","","","","","","","","","","","","","","","","","","","","","","","","","","","","","","","","","","","","","","","","","","","","","1419.987","472.614","472.614","735.0142","735.0142","735.0142","735.0142","818","",
"Madagascar","MDG","Container port traffic (TEU: 20 foot equivalent units)","IS.SHP.GOOD.TU","","","","","","","","","","","","","","","","","","","","","","","","","","","","","","","","","","","","","","","","","","","","","","","","112427","143371","132278","141100","146200","131600","137800","139200","138500","138850","220000","179425","199712.5","",
"Maldives","MDV","Container port traffic (TEU: 20 foot equivalent units)","IS.SHP.GOOD.TU","","","","","","","","","","","","","","","","","","","","","","","","","","","","","","","","","","","","","","","","","","","","","","","","47703","53650","56000","49627","53062","54820","79712","83777","83778","81744","82761","82252.5","107728.2","",
"Middle East & North Africa","MEA","Container port traffic (TEU: 20 foot equivalent units)","IS.SHP.GOOD.TU","","","","","","","","","","","","","","","","","","","","","","","","","","","","","","","","","","","","","","","","","","","","","","","","36285930","41994620.9208","42545025.3235755","48047718.86","50320085.31","53413467.04","54924787.54","57428408.4","59038404.6","58986530.95","60040524.7","60691948.65","61579936.2628797","60768849",
"Mexico","MEX","Container port traffic (TEU: 20 foot equivalent units)","IS.SHP.GOOD.TU","","","","","","","","","","","","","","","","","","","","","","","","","","","","","","","","","","","","","","","","","1315701","1358136","1564540","1693791","1903345","2144345","2680374","1661288","3312717.1952","2874312.6254","3697918","4215859","4796065","4865500","5040281","5506488","5680483","6375338","6987820","7028903","6385629",
"Marshall Islands","MHL","Container port traffic (TEU: 20 foot equivalent units)","IS.SHP.GOOD.TU","","","","","","","","","","","","","","","","","","","","","","","","","","","","","","","","","","","","","","","","","","","","","","","","","","","19699.68","21988.51","28796.52","47899.47","26168.14","41855.44","51613.32","74193.53","70146.41","30711.22","",
"Middle income","MIC","Container port traffic (TEU: 20 foot equivalent units)","IS.SHP.GOOD.TU","","","","","","","","","","","","","","","","","","","","","","","","","","","","","","","","","","","","","","","","","79595582","86859091","103366078","119222746","141397641","140624953","166871264","205346628","229668666.1624","217584752.805572","264185354.395","289807305.302","312332035.341","335158806.832","354412694.082","369233861.8072","374669606.9672","410750999.3342","433780959.2152","447474878.988491","406676625.69023",
"North Macedonia","MKD","Container port traffic (TEU: 20 foot equivalent units)","IS.SHP.GOOD.TU","","","","","","","","","","","","","","","","","","","","","","","","","","","","","","","","","","","","","","","","","","","","","","","","","","","","","","","","","","","","","",
"Mali","MLI","Container port traffic (TEU: 20 foot equivalent units)","IS.SHP.GOOD.TU","","","","","","","","","","","","","","","","","","","","","","","","","","","","","","","","","","","","","","","","","","","","","","","","","","","","","","","","","","","","","",
"Malta","MLT","Container port traffic (TEU: 20 foot equivalent units)","IS.SHP.GOOD.TU","","","","","","","","","","","","","","","","","","","","","","","","","","","","","","","","","","","","","","","","","1082235","1205764","1288780","1347539","1519220","1382410","1532920","1956908","2407332","2323941","2450665","2439936","2618036","2824736","2949036","3023900","3140000","3154500","3314100","2712800","2440000",
"Myanmar","MMR","Container port traffic (TEU: 20 foot equivalent units)","IS.SHP.GOOD.TU","","","","","","","","","","","","","","","","","","","","","","","","","","","","","","","","","","","","","","","","","","","","","","","","170000","180000","163692","335346","380675","474300","567156","716926","827249","1026216","1200000","1043500","1121750","1020793",
"Middle East & North Africa (excluding high income)","MNA","Container port traffic (TEU: 20 foot equivalent units)","IS.SHP.GOOD.TU","","","","","","","","","","","","","","","","","","","","","","","","","","","","","","","","","","","","","","","","","","","","","","","","10614835","13030234.9208","14020481.3235755","17483955.86","17641690.31","17967005.04","18741419.54","19827919.4","19362887.6","19296079.95","19868484.2","19741026.9","20250525.6378797","18773617",
"Montenegro","MNE","Container port traffic (TEU: 20 foot equivalent units)","IS.SHP.GOOD.TU","","","","","","","","","","","","","","","","","","","","","","","","","","","","","","","","","","","","","","","","","","","","","","","","","","","16971.49","21882.39","33592.58","21111.63","27240.7","24062.26","30213.25","43371.97","15988.02","15744.41","",
"Mongolia","MNG","Container port traffic (TEU: 20 foot equivalent units)","IS.SHP.GOOD.TU","","","","","","","","","","","","","","","","","","","","","","","","","","","","","","","","","","","","","","","","","","","","","","","","","","","","","","","","","","","","","",
"Northern Mariana Islands","MNP","Container port traffic (TEU: 20 foot equivalent units)","IS.SHP.GOOD.TU","","","","","","","","","","","","","","","","","","","","","","","","","","","","","","","","","","","","","","","","","","","","","","","","","","","24446.48","33191.55","30479.68","41462.1","42008.53","41919.52","44989.51","94910.77","42095.68","44951.82","",
"Mozambique","MOZ","Container port traffic (TEU: 20 foot equivalent units)","IS.SHP.GOOD.TU","","","","","","","","","","","","","","","","","","","","","","","","","","","","","","","","","","","","","","","","","","","","","","","","209315","241237","219380.9278","290800","389300","326200","387000","449700","418350","434025","400300","454300","427300","437128",
"Mauritania","MRT","Container port traffic (TEU: 20 foot equivalent units)","IS.SHP.GOOD.TU","","","","","","","","","","","","","","","","","","","","","","","","","","","","","","","","","","","","","","","","","","","","","","","","","57478","62269","65705","69500","72228","72700","72464","72582","72523","88400","80461.5","84457.99","",
"Mauritius","MUS","Container port traffic (TEU: 20 foot equivalent units)","IS.SHP.GOOD.TU","","","","","","","","","","","","","","","","","","","","","","","","","","","","","","","","","","","","","","","","","","","198180","381470","","","","412896","454433","406862","332700","325600","417500","385326","403000","361109","388027","379371","451446","469011","438078",
"Malawi","MWI","Container port traffic (TEU: 20 foot equivalent units)","IS.SHP.GOOD.TU","","","","","","","","","","","","","","","","","","","","","","","","","","","","","","","","","","","","","","","","","","","","","","","","","","","","","","","","","","","","","",
"Malaysia","MYS","Container port traffic (TEU: 20 foot equivalent units)","IS.SHP.GOOD.TU","","","","","","","","","","","","","","","","","","","","","","","","","","","","","","","","","","","","","","","","","4642428","6224913","8751570","10210145","11510931","12197750","13419053","14828836","16093953.3104","15922799.6478778","16842919","18819456","20809800","21137500","22367904","24012700","24570000","23784100","24956000","26859094","26663532.5",
"North America","NAC","Container port traffic (TEU: 20 foot equivalent units)","IS.SHP.GOOD.TU","","","","","","","","","","","","","","","","","","","","","","","","","","","","","","","","","","","","","","","","","31227942","30197964","32984200","36320556","38827775","42661263","45226905","49253317","47132433.0512","41545142.966","46729981.001","47310621.461","48654516.461","49586360.461","51663622.324","53684735.324","54179393.824","58515031.324","61551159.324","62424484","61160289",
"Namibia","NAM","Container port traffic (TEU: 20 foot equivalent units)","IS.SHP.GOOD.TU","","","","","","","","","","","","","","","","","","","","","","","","","","","","","","","","","","","","","","","","","","","","","","","","148234","183605","265663","256276","223711","337124","304792","255246","280019","267632.5","185655","185000","185327.5","166795",
"New Caledonia","NCL","Container port traffic (TEU: 20 foot equivalent units)","IS.SHP.GOOD.TU","","","","","","","","","","","","","","","","","","","","","","","","","","","","","","","","","","","","","","","","","","","","","","","","83205","119661","119147","90574","95277","96000","95000","113000","104000","108500","113000","110750","111875","",
"Niger","NER","Container port traffic (TEU: 20 foot equivalent units)","IS.SHP.GOOD.TU","","","","","","","","","","","","","","","","","","","","","","","","","","","","","","","","","","","","","","","","","","","","","","","","","","","","","","","","","","","","","",
"Nigeria","NGA","Container port traffic (TEU: 20 foot equivalent units)","IS.SHP.GOOD.TU","","","","","","","","","","","","","","","","","","","","","","","","","","","","","","","","","","","","","","","","","","","","588478","512610","","","","72500","87000","1232000","1510900","1723000","1580000","1700000","1400000","1404000","1408000","1560000","1484000","1528520",
"Nicaragua","NIC","Container port traffic (TEU: 20 foot equivalent units)","IS.SHP.GOOD.TU","","","","","","","","","","","","","","","","","","","","","","","","","","","","","","","","","","","","","","","","","","","","","","","","61007","63030","59471","68224","84468","94308","98155","116315","144718","156900","171881","169969","167798","166612",
"Netherlands","NLD","Container port traffic (TEU: 20 foot equivalent units)","IS.SHP.GOOD.TU","","","","","","","","","","","","","","","","","","","","","","","","","","","","","","","","","","","","","","","","","6407162","6227321","6797530","7293790","8482190","9471829","10046503","11290260","11362089","10066374","11410060","12035600","12105136","11803800","12470000","12407000","12556000","13911000","14696000","14986800","14522209",
"Norway","NOR","Container port traffic (TEU: 20 foot equivalent units)","IS.SHP.GOOD.TU","","","","","","","","","","","","","","","","","","","","","","","","","","","","","","","","","","","","","","","","","","","","","","","","328776","331054","318924","531100","561900","626525","682900","735000","786500","739633","763100","800802","811000","808100",
"Nepal","NPL","Container port traffic (TEU: 20 foot equivalent units)","IS.SHP.GOOD.TU","","","","","","","","","","","","","","","","","","","","","","","","","","","","","","","","","","","","","","","","","","","","","","","","","","","","","","","","","","","","","",
"Nauru","NRU","Container port traffic (TEU: 20 foot equivalent units)","IS.SHP.GOOD.TU","","","","","","","","","","","","","","","","","","","","","","","","","","","","","","","","","","","","","","","","","","","","","","","","","","","","2596.997","2596.997","5563.455","8529.913","9438.25","7032.956","5536.052","7606.643","5327.06","",
"New Zealand","NZL","Container port traffic (TEU: 20 foot equivalent units)","IS.SHP.GOOD.TU","","","","","","","","","","","","","","","","","","","","","","","","","","","","","","","","","","","","","","","","","1067438","1139143","1407130","1520592","1583847","1603195","1806596","2311569","2317823.1944","2324969.88398736","2330722","2439005","2649305","2867000","2942741","3119000","3161550","3204100","3327900","3229200","3174304",
"OECD members","OED","Container port traffic (TEU: 20 foot equivalent units)","IS.SHP.GOOD.TU","","","","","","","","","","","","","","","","","","","","","","","","","","","","","","","","","","","","","","","","","109883995","112516999","124553990","136180790","151916047","161810412","172830826","194810472","195009430.1856","172457972.323151","192385804.54","203577027.05","213436691","220984103","230558236","232995360.25","238589946.5","254479494","266986604","269651687","249877704.08",
"Oman","OMN","Container port traffic (TEU: 20 foot equivalent units)","IS.SHP.GOOD.TU","","","","","","","","","","","","","","","","","","","","","","","","","","","","","","","","","","","","","","","","","1161549","1331686","1415500","2264826","2515546","2748584","2620363","2876969","3427990","3768045","3835395","3659440","3828817","3693400","3331000","3136000","3944000","4784712","4223712","4904471","5141830",
"Other small states","OSS","Container port traffic (TEU: 20 foot equivalent units)","IS.SHP.GOOD.TU","","","","","","","","","","","","","","","","","","","","","","","","","","","","","","","","","","","","","","","","","","","","","","","","","","","5656923.03","5995322.81","6663812.04","6674116.25","7017699.39","7246778.8","7493043.34","7698162.03","8754435.16","8090391.89","",
"Pakistan","PAK","Container port traffic (TEU: 20 foot equivalent units)","IS.SHP.GOOD.TU","","","","","","","","","","","","","","","","","","","","","","","","","","","","","","","","","","","","","","","","","","878892","","787559","1269373","1686355","1776939","1935882","1938001","2058056","2149000","2278000","2222000","2262000","2534600","2755600","2755600","3275000","3460700","3367850","3339186",
"Panama","PAN","Container port traffic (TEU: 20 foot equivalent units)","IS.SHP.GOOD.TU","","","","","","","","","","","","","","","","","","","","","","","","","","","","","","","","","","","","","","","","","2369681","2376045","1344790","1991659","2428762","3063832","3027788","4022513","5129499","4597112","5593179","6629943","6857721","6564900","6774065","7893888","6267000","6899000","7014700","7355100","",
"Peru","PER","Container port traffic (TEU: 20 foot equivalent units)","IS.SHP.GOOD.TU","","","","","","","","","","","","","","","","","","","","","","","","","","","","","","","","","","","","","","","","","460631","537554","631760","627011","695577","991681","1087263","1177925","1235326","1232849","1522741","1827923","2009700","2045265","2221825","2158722","2321583","2540960","2667974","2634623","2601411",
"Philippines","PHL","Container port traffic (TEU: 20 foot equivalent units)","IS.SHP.GOOD.TU","","","","","","","","","","","","","","","","","","","","","","","","","","","","","","","","","","","","","","","","","3031548","3090952","3324800","3468471","3676456","3633559","3676133","4351271","4471428","4306964.6458","5588702","5314702","5641594","5825634","6176041","7210441","7421441","8095420","8653720","8818028","7505487",
"Palau","PLW","Container port traffic (TEU: 20 foot equivalent units)","IS.SHP.GOOD.TU","","","","","","","","","","","","","","","","","","","","","","","","","","","","","","","","","","","","","","","","","","","","","","","","","","","24446.48","17628.87","18799.61","23547.92","23960.16","23890.53","22490.03","20009.41","20059.46","16399","",
"Papua New Guinea","PNG","Container port traffic (TEU: 20 foot equivalent units)","IS.SHP.GOOD.TU","","","","","","","","","","","","","","","","","","","","","","","","","","","","","","","","","","","","","","","","","","","","","","","","282356","254592","262209","282907","307557","276162","276189","275989","276089","276039","335300","341300","338300","",
"Poland","POL","Container port traffic (TEU: 20 foot equivalent units)","IS.SHP.GOOD.TU","","","","","","","","","","","","","","","","","","","","","","","","","","","","","","","","","","","","","","","","","","261419","","346152","428373","","","767567","859341","671552","1054000","1357084","1656900","1969923","2139454","1860800","2028577","2385600","2834400","3045903","2904684",
"Pre-demographic dividend","PRE","Container port traffic (TEU: 20 foot equivalent units)","IS.SHP.GOOD.TU","","","","","","","","","","","","","","","","","","","","","","","","","","","","","","","","","","","","","","","","","","","","","","","","","","","6534824.65","7481001.12","8129127.46","8160358.5","8824145.53","8870267.12","9204369.65","10486773.18","11057195.05","11295938.7006118","",
"Puerto Rico","PRI","Container port traffic (TEU: 20 foot equivalent units)","IS.SHP.GOOD.TU","","","","","","","","","","","","","","","","","","","","","","","","","","","","","","","","","","","","","","","","","1945636","1886028","1426220","1669170","1667868","1727389","1749565","1695258","","","","","","","","","","","","","",
"Korea, Dem. People's Rep.","PRK","Container port traffic (TEU: 20 foot equivalent units)","IS.SHP.GOOD.TU","","","","","","","","","","","","","","","","","","","","","","","","","","","","","","","","","","","","","","","","","","","","","","","","","","","","","","","","","","","","","",
"Portugal","PRT","Container port traffic (TEU: 20 foot equivalent units)","IS.SHP.GOOD.TU","","","","","","","","","","","","","","","","","","","","","","","","","","","","","","","","","","","","","","","","","669991","733941","791300","86003","882452","904696","1012845","1348539","1297402","1233482","1399648","1704024","1871200","2305700","2596300","2702500","2919300","3177500","3191600","2724700","2800800",
"Paraguay","PRY","Container port traffic (TEU: 20 foot equivalent units)","IS.SHP.GOOD.TU","","","","","","","","","","","","","","","","","","","","","","","","","","","","","","","","","","","","","","","","","","","","","","","","","9317","7045","8179","8645","9294","10028","10540","10500","10520","10510","10515","10512.5","",
"West Bank and Gaza","PSE","Container port traffic (TEU: 20 foot equivalent units)","IS.SHP.GOOD.TU","","","","","","","","","","","","","","","","","","","","","","","","","","","","","","","","","","","","","","","","","","","","","","","","","","","","","","","","","","","","","",
"Pacific island small states","PSS","Container port traffic (TEU: 20 foot equivalent units)","IS.SHP.GOOD.TU","","","","","","","","","","","","","","","","","","","","","","","","","","","","","","","","","","","","","","","","","","","","","","","","","","","491658.155","629416.219","617020.391","853454.873","875886.811","783270.723","810009.249","878446.122","882237.444","590250.14","",
"Post-demographic dividend","PST","Container port traffic (TEU: 20 foot equivalent units)","IS.SHP.GOOD.TU","","","","","","","","","","","","","","","","","","","","","","","","","","","","","","","","","","","","","","","","","121833327","121845709","134023233","146262142","164250433","197875556","209838893","234525009","235384120.0064","206422735.066901","228098842.54","239069727.05","246705777","253417665","263501643","260204930.25","264453073.5","280140843.5","293053758.25","292778056.88","284410826.08",
"French Polynesia","PYF","Container port traffic (TEU: 20 foot equivalent units)","IS.SHP.GOOD.TU","","","","","","","","","","","","","","","","","","","","","","","","","","","","","","","","","","","","","","","","","","","","","","","","69508","70336","63807","70000","69670.5","69835.25","69752.88","69341","69296","69088","69192","69140","69166","",
"Qatar","QAT","Container port traffic (TEU: 20 foot equivalent units)","IS.SHP.GOOD.TU","","","","","","","","","","","","","","","","","","","","","","","","","","","","","","","","","","","","","","","","","","","","","","","","350000","400000","410000","420000","420001","420001","420001","462000","568000","670000","787280","1342750","1340000","1410000",
"Romania","ROU","Container port traffic (TEU: 20 foot equivalent units)","IS.SHP.GOOD.TU","","","","","","","","","","","","","","","","","","","","","","","","","","","","","","","","","","","","","","","","","","","","","373702","771126","1037066","1411414","1380935","594299","557000","663000","684000","661000","668000","699000","721339","696400","668000","664695","643725",
"Russian Federation","RUS","Container port traffic (TEU: 20 foot equivalent units)","IS.SHP.GOOD.TU","","","","","","","","","","","","","","","","","","","","","","","","","","","","","","","","","","","","","","","","","316280","609093","774970","960142","1368601","1804410","2265835","2962385","3372104.7952","2427743.69515488","3243368","3857771","4085286","5208600","5252000","3909400","3923662","4515300","5059700","4932154","4871919",
"Rwanda","RWA","Container port traffic (TEU: 20 foot equivalent units)","IS.SHP.GOOD.TU","","","","","","","","","","","","","","","","","","","","","","","","","","","","","","","","","","","","","","","","","","","","","","","","","","","","","","","","","","","","","",
"South Asia","SAS","Container port traffic (TEU: 20 foot equivalent units)","IS.SHP.GOOD.TU","","","","","","","","","","","","","","","","","","","","","","","","","","","","","","","","","","","","","","","","","4639518","5856543","5557320","7288887","8537181","9932668","11898747","14047141","14442773","14774961.2","16537830","17902099","18065471","18773063","20488328","21952032","22837005","27573761","30222052.5","30649185.2","29062243",
"Saudi Arabia","SAU","Container port traffic (TEU: 20 foot equivalent units)","IS.SHP.GOOD.TU","","","","","","","","","","","","","","","","","","","","","","","","","","","","","","","","","","","","","","","","","1502893","1676991","1958570","2440327","759769","3732706","3863202","4208854","4652022","4430676","5313404","5694000","6549000","6743139","6851900","7783000","7677000","8082000","8683400","8905591","9394100",
"Sudan","SDN","Container port traffic (TEU: 20 foot equivalent units)","IS.SHP.GOOD.TU","","","","","","","","","","","","","","","","","","","","","","","","","","","","","","","","","","","","","","","","","","","","","","","","342152","391139","431232","","","441000","447000","435000","482000","466000","487340","451712","469526","493002.3",
"Senegal","SEN","Container port traffic (TEU: 20 foot equivalent units)","IS.SHP.GOOD.TU","","","","","","","","","","","","","","","","","","","","","","","","","","","","","","","","","","","","","","","","","","","","","","","","424457","347483","331076","349200","369100","383900","383900","383900","530000","540000","570500","555250","562875","",
"Singapore","SGP","Container port traffic (TEU: 20 foot equivalent units)","IS.SHP.GOOD.TU","","","","","","","","","","","","","","","","","","","","","","","","","","","","","","","","","","","","","","","","","17100000","15572677","16986010","18441000","21329100","23192200","24792400","28767500","30891200","26592800","29147000","30647000","32347000","33388000","34688000","31710200","31688000","33667000","37388000","37195000","36870900",
"Solomon Islands","SLB","Container port traffic (TEU: 20 foot equivalent units)","IS.SHP.GOOD.TU","","","","","","","","","","","","","","","","","","","","","","","","","","","","","","","","","","","","","","","","","","","","","","","","","","","63095.41","111619.5","138566.6","143879.5","203915.3","195524.2","181636.1","180838.4","174614.2","128035.7","",
"Sierra Leone","SLE","Container port traffic (TEU: 20 foot equivalent units)","IS.SHP.GOOD.TU","","","","","","","","","","","","","","","","","","","","","","","","","","","","","","","","","","","","","","","","","","","","","","","","","","","50000","75000","62500","68750","65625","67187.5","78143.75","89100","83621.88","78413.18","",
"El Salvador","SLV","Container port traffic (TEU: 20 foot equivalent units)","IS.SHP.GOOD.TU","","","","","","","","","","","","","","","","","","","","","","","","","","","","","","","","","","","","","","","","","","","","","","","","144458","156323","126369","146817","165220","179380","180634","179256","190708","202165","209903","230989","249472","228300",
"San Marino","SMR","Container port traffic (TEU: 20 foot equivalent units)","IS.SHP.GOOD.TU","","","","","","","","","","","","","","","","","","","","","","","","","","","","","","","","","","","","","","","","","","","","","","","","","","","","","","","","","","","","","",
"Somalia","SOM","Container port traffic (TEU: 20 foot equivalent units)","IS.SHP.GOOD.TU","","","","","","","","","","","","","","","","","","","","","","","","","","","","","","","","","","","","","","","","","","","","","","","","","","","39414.98","42186.98","39933.45","37679.92","65622.57","77094.9","104800.4","126312.9","115339.8","92238","",
"Serbia","SRB","Container port traffic (TEU: 20 foot equivalent units)","IS.SHP.GOOD.TU","","","","","","","","","","","","","","","","","","","","","","","","","","","","","","","","","","","","","","","","","","","","","","","","","","","","","","","","","","","","","",
"Sub-Saharan Africa (excluding high income)","SSA","Container port traffic (TEU: 20 foot equivalent units)","IS.SHP.GOOD.TU","","","","","","","","","","","","","","","","","","","","","","","","","","","","","","","","","","","","","","","","","","","","","","","","","","","11878265.97","13441642.53","14326560.76","14637754.5","15065897.57","15224324.31","15198890.41","16039406.48","17179053.3","16951594.4906118","",
"South Sudan","SSD","Container port traffic (TEU: 20 foot equivalent units)","IS.SHP.GOOD.TU","","","","","","","","","","","","","","","","","","","","","","","","","","","","","","","","","","","","","","","","","","","","","","","","","","","430000","430000","","","","","","","","","",
"Sub-Saharan Africa","SSF","Container port traffic (TEU: 20 foot equivalent units)","IS.SHP.GOOD.TU","","","","","","","","","","","","","","","","","","","","","","","","","","","","","","","","","","","","","","","","","","","","","","","","","","","11941090.52","13504210.4","14459947.06","14773092.6","15216594.37","15352127.41","15331105.01","16143979.18","17285091.5","17106017.8906118","",
"Small states","SST","Container port traffic (TEU: 20 foot equivalent units)","IS.SHP.GOOD.TU","","","","","","","","","","","","","","","","","","","","","","","","","","","","","","","","","","","","","","","","","","","","","","","","","","","10085833.685","10508203.029","11362084.431","11593185.123","11923020.201","12080863.523","11995992.589","11910607.652","13456622.194","12777435.21","",
"Sao Tome and Principe","STP","Container port traffic (TEU: 20 foot equivalent units)","IS.SHP.GOOD.TU","","","","","","","","","","","","","","","","","","","","","","","","","","","","","","","","","","","","","","","","","","","","","","","","","","","27477.34","86790.39","78493.1","83154.38","75921.74","84392.68","67523.29","62980.9","47989.86","49552.86","",
"Suriname","SUR","Container port traffic (TEU: 20 foot equivalent units)","IS.SHP.GOOD.TU","","","","","","","","","","","","","","","","","","","","","","","","","","","","","","","","","","","","","","","","","","","","","","","","","","","59583","97335","103961","108020","108703","106014","107359","112318","114564","110659.3","",
"Slovak Republic","SVK","Container port traffic (TEU: 20 foot equivalent units)","IS.SHP.GOOD.TU","","","","","","","","","","","","","","","","","","","","","","","","","","","","","","","","","","","","","","","","","","","","","","","","","","","","","","","","","","","","","",
"Slovenia","SVN","Container port traffic (TEU: 20 foot equivalent units)","IS.SHP.GOOD.TU","","","","","","","","","","","","","","","","","","","","","","","","","","","","","","","","","","","","","","","","","","","","","","","","305648","353880","343165","481500","586813","585392","596430","676381","792700","835700","919700","980200","959000","945000",
"Sweden","SWE","Container port traffic (TEU: 20 foot equivalent units)","IS.SHP.GOOD.TU","","","","","","","","","","","","","","","","","","","","","","","","","","","","","","","","","","","","","","","","","884136","851219","805610","858320","1098871","1253195","1272513","1288280","1298778","1251424","1405330","1512105","1500200","1443065","1464200","1457000","1522400","1554000","1595500","1630900","1598282",
"Eswatini","SWZ","Container port traffic (TEU: 20 foot equivalent units)","IS.SHP.GOOD.TU","","","","","","","","","","","","","","","","","","","","","","","","","","","","","","","","","","","","","","","","","","","","","","","","","","","","","","","","","","","","","",
"Sint Maarten (Dutch part)","SXM","Container port traffic (TEU: 20 foot equivalent units)","IS.SHP.GOOD.TU","","","","","","","","","","","","","","","","","","","","","","","","","","","","","","","","","","","","","","","","","","","","","","","","","","","","76998","80458","80655","82643","95190","97991","98101","101100","105200","105200",
"Seychelles","SYC","Container port traffic (TEU: 20 foot equivalent units)","IS.SHP.GOOD.TU","","","","","","","","","","","","","","","","","","","","","","","","","","","","","","","","","","","","","","","","","","","","","","","","","","","62824.55","62567.87","133386.3","135338.1","150696.8","127803.1","132214.6","104572.7","106038.2","154423.4","",
"Syrian Arab Republic","SYR","Container port traffic (TEU: 20 foot equivalent units)","IS.SHP.GOOD.TU","","","","","","","","","","","","","","","","","","","","","","","","","","","","","","","","","","","","","","","","","","","","","","","","538525","610607","685299","630427","544000","320000","210000","110000","105000","107500","106250","106875","122059.8","",
"Turks and Caicos Islands","TCA","Container port traffic (TEU: 20 foot equivalent units)","IS.SHP.GOOD.TU","","","","","","","","","","","","","","","","","","","","","","","","","","","","","","","","","","","","","","","","","","","","","","","","","","","","","","","","","","","","","",
"Chad","TCD","Container port traffic (TEU: 20 foot equivalent units)","IS.SHP.GOOD.TU","","","","","","","","","","","","","","","","","","","","","","","","","","","","","","","","","","","","","","","","","","","","","","","","","","","","","","","","","","","","","",
"East Asia & Pacific (IDA & IBRD countries)","TEA","Container port traffic (TEU: 20 foot equivalent units)","IS.SHP.GOOD.TU","","","","","","","","","","","","","","","","","","","","","","","","","","","","","","","","","","","","","","","","","56840499","62621336","77904818","86891558","102402184","96232448","114796121","140639995","155725485.3104","147752713.767078","178112620.155","196080179.219","213569720.391","231940356.873","246873328.811","259951436.723","265984722.249","291885800.122","307180731.444","319768256.14","305296568.31523",
"Europe & Central Asia (IDA & IBRD countries)","TEC","Container port traffic (TEU: 20 foot equivalent units)","IS.SHP.GOOD.TU","","","","","","","","","","","","","","","","","","","","","","","","","","","","","","","","","","","","","","","","","","","","","5606052","","","11304092","12626587.7952","9249582.69515488","11707699.33","13571370.11","15126335.527","17555211.944","17915382.764","15916481.8042","16810591.0442","19241410.5742","21433721.0342","22234618.76","",
"Togo","TGO","Container port traffic (TEU: 20 foot equivalent units)","IS.SHP.GOOD.TU","","","","","","","","","","","","","","","","","","","","","","","","","","","","","","","","","","","","","","","","","","","","","","","","","","","339900","352700","288500","311500","380800","380800","380800","1193800","1395700","1500611","1725270",
"Thailand","THA","Container port traffic (TEU: 20 foot equivalent units)","IS.SHP.GOOD.TU","","","","","","","","","","","","","","","","","","","","","","","","","","","","","","","","","","","","","","","","","3178779","3387071","3799090","4232685","4847000","5115213","5574490","6339261","6726237","5897935","6818527","7313063","7760800","8362500","9202200","9463000","9983000","9938000","10243600","10755780","10213904.8152301",
"Tajikistan","TJK","Container port traffic (TEU: 20 foot equivalent units)","IS.SHP.GOOD.TU","","","","","","","","","","","","","","","","","","","","","","","","","","","","","","","","","","","","","","","","","","","","","","","","","","","","","","","","","","","","","",
"Turkmenistan","TKM","Container port traffic (TEU: 20 foot equivalent units)","IS.SHP.GOOD.TU","","","","","","","","","","","","","","","","","","","","","","","","","","","","","","","","","","","","","","","","","","","","","","","","","","","","","","","","","","","","","",
"Latin America & the Caribbean (IDA & IBRD countries)","TLA","Container port traffic (TEU: 20 foot equivalent units)","IS.SHP.GOOD.TU","","","","","","","","","","","","","","","","","","","","","","","","","","","","","","","","","","","","","","","","","13914417","13673353","13663950","16829463","19441995","21877598","24805717","28838519","33342867.8832","30799421.3822672","37785551.5","41355928","43745051","44590997","45234159","47082415","45391254","48630935.5","51035093.59","50327627.18","40891523.375",
"Timor-Leste","TLS","Container port traffic (TEU: 20 foot equivalent units)","IS.SHP.GOOD.TU","","","","","","","","","","","","","","","","","","","","","","","","","","","","","","","","","","","","","","","","","","","","","","","","","","","36816","41384","45608","41845","51822","49427","49177","59004","47574","53289","",
"Middle East & North Africa (IDA & IBRD countries)","TMN","Container port traffic (TEU: 20 foot equivalent units)","IS.SHP.GOOD.TU","","","","","","","","","","","","","","","","","","","","","","","","","","","","","","","","","","","","","","","","","","","","","","","","10614835","13030234.9208","14020481.3235755","17483955.86","17641690.31","17967005.04","18741419.54","19827919.4","19362887.6","19296079.95","19868484.2","19741026.9","20250525.6378797","18773617",
"Tonga","TON","Container port traffic (TEU: 20 foot equivalent units)","IS.SHP.GOOD.TU","","","","","","","","","","","","","","","","","","","","","","","","","","","","","","","","","","","","","","","","","","","","","","","","","","","48430.9","57059","67349.47","74744.59","69196.45","50407.52","84702.43","107381.3","105190.3","76853.95","",
"South Asia (IDA & IBRD)","TSA","Container port traffic (TEU: 20 foot equivalent units)","IS.SHP.GOOD.TU","","","","","","","","","","","","","","","","","","","","","","","","","","","","","","","","","","","","","","","","","4639518","5856543","5557320","7288887","8537181","9932668","11898747","14047141","14442773","14774961.2","16537830","17902099","18065471","18773063","20488328","21952032","22837005","27573761","30222052.5","30649185.2","29062243",
"Sub-Saharan Africa (IDA & IBRD countries)","TSS","Container port traffic (TEU: 20 foot equivalent units)","IS.SHP.GOOD.TU","","","","","","","","","","","","","","","","","","","","","","","","","","","","","","","","","","","","","","","","","","","","","","","","","","","11941090.52","13504210.4","14459947.06","14773092.6","15216594.37","15352127.41","15331105.01","16143979.18","17285091.5","17106017.8906118","",
"Trinidad and Tobago","TTO","Container port traffic (TEU: 20 foot equivalent units)","IS.SHP.GOOD.TU","","","","","","","","","","","","","","","","","","","","","","","","","","","","","","","","","","","","","","","","","282487","352758","385230","440370","","","","514557","554093","567183","577883","552093","542346","571119","594363","520825","427427","414657","358475","446232","441264",
"Tunisia","TUN","Container port traffic (TEU: 20 foot equivalent units)","IS.SHP.GOOD.TU","","","","","","","","","","","","","","","","","","","","","","","","","","","","","","","","","","","","","","","","","","","","","","","","420501","424780","418883.8732","384646","410000","375000","375000","397323","445311.5","421317.25","480500","493300","424115","420098",
"Turkey","TUR","Container port traffic (TEU: 20 foot equivalent units)","IS.SHP.GOOD.TU","","","","","","","","","","","","","","","","","","","","","","","","","","","","","","","","","","","","","","","","","1591739","1526576","2297380","2377295","2960746","3174077","3683497","4678872","5218316","4521713","5657915","6482541","7442731","8326278","8467512","8297985","8851485","10094700","10887700","11679100","",
"Tuvalu","TUV","Container port traffic (TEU: 20 foot equivalent units)","IS.SHP.GOOD.TU","","","","","","","","","","","","","","","","","","","","","","","","","","","","","","","","","","","","","","","","","","","","","","","","","","","1718.749","9975.64","5847.194","24770.21","13766.17","13766.17","15844.34","6499.85","6188.291","5150","",
"Tanzania","TZA","Container port traffic (TEU: 20 foot equivalent units)","IS.SHP.GOOD.TU","","","","","","","","","","","","","","","","","","","","","","","","","","","","","","","","","","","","","","","","","","","","","","","","350991","363310","370764.6962","371278","451778","519478","566178","624878","612600","651117","509800","600100","405775.254234701","363024",
"Uganda","UGA","Container port traffic (TEU: 20 foot equivalent units)","IS.SHP.GOOD.TU","","","","","","","","","","","","","","","","","","","","","","","","","","","","","","","","","","","","","","","","","","","","","","","","","","","","","","","","","","","","","",
"Ukraine","UKR","Container port traffic (TEU: 20 foot equivalent units)","IS.SHP.GOOD.TU","","","","","","","","","","","","","","","","","","","","","","","","","","","","","","","","","","","","","","","","","","","","","398080","579476","729758","990201","1123268","516698","654000","756000","756000","779000","665000","480000","588000","698500","1178000","1007400","1035200",
"Upper middle income","UMC","Container port traffic (TEU: 20 foot equivalent units)","IS.SHP.GOOD.TU","","","","","","","","","","","","","","","","","","","","","","","","","","","","","","","","","","","","","","","","","63887574","69402251","85037288","96524585","114707630","111818817","136349334","163294381","182566417.9888","170046192.7823","203866649.689","225687810.3","244646781.161","264076374.534","278078303.724","289169916.9142","292526832.0942","321808873.4542","338610427.5752","350036382.82","329006188.94023",
"Uruguay","URY","Container port traffic (TEU: 20 foot equivalent units)","IS.SHP.GOOD.TU","","","","","","","","","","","","","","","","","","","","","","","","","","","","","","","","","","","","","","","","","","301641","","","","","","596487","675273","588410","671952","861164","753889","826962","776558","811297","888119","939427","797874","747100","",
"United States","USA","Container port traffic (TEU: 20 foot equivalent units)","IS.SHP.GOOD.TU","","","","","","","","","","","","","","","","","","","","","","","","","","","","","","","","","","","","","","","","","28300000","27307576","29676890","32689484","34901628","38497839","40896742","44839390","42411770.0512","37353574.903","42031000","42550784","43538254","44340866","46233010","47886446","48436472.5","52132844","54776341","55518878","54963689",
"Uzbekistan","UZB","Container port traffic (TEU: 20 foot equivalent units)","IS.SHP.GOOD.TU","","","","","","","","","","","","","","","","","","","","","","","","","","","","","","","","","","","","","","","","","","","","","","","","","","","","","","","","","","","","","",
"St. Vincent and the Grenadines","VCT","Container port traffic (TEU: 20 foot equivalent units)","IS.SHP.GOOD.TU","","","","","","","","","","","","","","","","","","","","","","","","","","","","","","","","","","","","","","","","","","","","","","","","","16570","16238","16967","17488","18340","16561","16737","18620","19941","19191","19818","20150","21661",
"Venezuela, RB","VEN","Container port traffic (TEU: 20 foot equivalent units)","IS.SHP.GOOD.TU","","","","","","","","","","","","","","","","","","","","","","","","","","","","","","","","","","","","","","","","","674558","924119","","582769","921205","1120492","1266817","1331711","1325194","1240251.54","1066595","1334500","1569841","1441673","943380","734185","838783","821350","592371","179529","168757",
"British Virgin Islands","VGB","Container port traffic (TEU: 20 foot equivalent units)","IS.SHP.GOOD.TU","","","","","","","","","","","","","","","","","","","","","","","","","","","","","","","","","","","","","","","","","","","","","","","","","","","10058.47","24830.92","27154.4","27154.4","27154.4","27221.88","52542.78","49149.42","56317.36","45955.97","",
"Virgin Islands (U.S.)","VIR","Container port traffic (TEU: 20 foot equivalent units)","IS.SHP.GOOD.TU","","","","","","","","","","","","","","","","","","","","","","","","","","","","","","","","","","","","","","","","","","","","","","","","","","","","","","","","","","","","","",
"Vietnam","VNM","Container port traffic (TEU: 20 foot equivalent units)","IS.SHP.GOOD.TU","","","","","","","","","","","","","","","","","","","","","","","","","","","","","","","","","","","","","","","","","1189796","1290555","1771990","1904939","2273056","2537487","2999646","4009066","4393699","4936598","6429897","6902630","7587836","8452250","10009360","11089560","11086140","11965610","13008500","13658930","",
"Vanuatu","VUT","Container port traffic (TEU: 20 foot equivalent units)","IS.SHP.GOOD.TU","","","","","","","","","","","","","","","","","","","","","","","","","","","","","","","","","","","","","","","","","","","","","","","","","","","18040.23","64662.55","60341.86","122539.9","141788.1","120491.6","115886.9","114552.6","106680.4","77435.86","",
"World","WLD","Container port traffic (TEU: 20 foot equivalent units)","IS.SHP.GOOD.TU","","","","","","","","","","","","","","","","","","","","","","","","","","","","","","","","","","","","","","","","","224774536","235075458","263456511","296996130","338433750","376268146","416751971","489818309","516152333.0736","472175125.284298","544870577.64","585895021.61","619551756.299","650367136.877","681978646.616","694479839.4902","704861863.4262","758610945.2902","796179871.4072","810577510.409492","758734019.57023",
"Samoa","WSM","Container port traffic (TEU: 20 foot equivalent units)","IS.SHP.GOOD.TU","","","","","","","","","","","","","","","","","","","","","","","","","","","","","","","","","","","","","","","","","","","","","","","","","","","22465","21420","23137","24006","27198","27719","27458.5","27588.75","27523.63","27221","",
"Kosovo","XKX","Container port traffic (TEU: 20 foot equivalent units)","IS.SHP.GOOD.TU","","","","","","","","","","","","","","","","","","","","","","","","","","","","","","","","","","","","","","","","","","","","","","","","","","","","","","","","","","","","","",
"Yemen, Rep.","YEM","Container port traffic (TEU: 20 foot equivalent units)","IS.SHP.GOOD.TU","","","","","","","","","","","","","","","","","","","","","","","","","","","","","","","","","","","","","","","","","248177","377367","","","","","","773016","775164.9208","639670.53677552","651798","450149","532323","552307","495368","378098","468208","534693","598999","464923","423393",
"South Africa","ZAF","Container port traffic (TEU: 20 foot equivalent units)","IS.SHP.GOOD.TU","","","","","","","","","","","","","","","","","","","","","","","","","","","","","","","","","","","","","","","","","1846944","2021183","1801610","2378881","2614577","3111121","3552198","3734165","3875952","3726313","3959192","4383509","4353256","4694577","4567993","4662300","4354000","4563700","4892400","4592200","4029000",
"Zambia","ZMB","Container port traffic (TEU: 20 foot equivalent units)","IS.SHP.GOOD.TU","","","","","","","","","","","","","","","","","","","","","","","","","","","","","","","","","","","","","","","","","","","","","","","","","","","","","","","","","","","","","",
"Zimbabwe","ZWE","Container port traffic (TEU: 20 foot equivalent units)","IS.SHP.GOOD.TU","","","","","","","","","","","","","","","","","","","","","","","","","","","","","","","","","","","","","","","","","","","","","","","","","","","","","","","","","","","","","",
